{
  "relationships_close_friends": [
    {
      "title": "",
      "media_list_data": [
        
      ],
      "string_list_data": [
        {
          "href": "https://www.instagram.com/suryapdewata",
          "value": "suryapdewata",
          "timestamp": 1729573406
        }
      ]
    },
    {
      "title": "",
      "media_list_data": [
        
      ],
      "string_list_data": [
        {
          "href": "https://www.instagram.com/estherragapi",
          "value": "estherragapi",
          "timestamp": 1727583952
        }
      ]
    },
    {
      "title": "",
      "media_list_data": [
        
      ],
      "string_list_data": [
        {
          "href": "https://www.instagram.com/asblueasclementine",
          "value": "asblueasclementine",
          "timestamp": 1727583946
        }
      ]
    },
    {
      "title": "",
      "media_list_data": [
        
      ],
      "string_list_data": [
        {
          "href": "https://www.instagram.com/anggabayu0",
          "value": "anggabayu0",
          "timestamp": 1727583940
        }
      ]
    },
    {
      "title": "",
      "media_list_data": [
        
      ],
      "string_list_data": [
        {
          "href": "https://www.instagram.com/si.erlangga",
          "value": "si.erlangga",
          "timestamp": 1727583939
        }
      ]
    },
    {
      "title": "",
      "media_list_data": [
        
      ],
      "string_list_data": [
        {
          "href": "https://www.instagram.com/krsnnn_",
          "value": "krsnnn_",
          "timestamp": 1727583923
        }
      ]
    },
    {
      "title": "",
      "media_list_data": [
        
      ],
      "string_list_data": [
        {
          "href": "https://www.instagram.com/b.darmika",
          "value": "b.darmika",
          "timestamp": 1727583921
        }
      ]
    },
    {
      "title": "",
      "media_list_data": [
        
      ],
      "string_list_data": [
        {
          "href": "https://www.instagram.com/rosviananur_",
          "value": "rosviananur_",
          "timestamp": 1727580793
        }
      ]
    },
    {
      "title": "",
      "media_list_data": [
        
      ],
      "string_list_data": [
        {
          "href": "https://www.instagram.com/niastutipt",
          "value": "niastutipt",
          "timestamp": 1727580788
        }
      ]
    },
    {
      "title": "",
      "media_list_data": [
        
      ],
      "string_list_data": [
        {
          "href": "https://www.instagram.com/sux______",
          "value": "sux______",
          "timestamp": 1726836768
        }
      ]
    },
    {
      "title": "",
      "media_list_data": [
        
      ],
      "string_list_data": [
        {
          "href": "https://www.instagram.com/arwp___",
          "value": "arwp___",
          "timestamp": 1726836761
        }
      ]
    },
    {
      "title": "",
      "media_list_data": [
        
      ],
      "string_list_data": [
        {
          "href": "https://www.instagram.com/danangpangestu",
          "value": "danangpangestu",
          "timestamp": 1726479399
        }
      ]
    },
    {
      "title": "",
      "media_list_data": [
        
      ],
      "string_list_data": [
        {
          "href": "https://www.instagram.com/radenbgs",
          "value": "radenbgs",
          "timestamp": 1715445803
        }
      ]
    },
    {
      "title": "",
      "media_list_data": [
        
      ],
      "string_list_data": [
        {
          "href": "https://www.instagram.com/kristinadarmayanthi",
          "value": "kristinadarmayanthi",
          "timestamp": 1715444768
        }
      ]
    },
    {
      "title": "",
      "media_list_data": [
        
      ],
      "string_list_data": [
        {
          "href": "https://www.instagram.com/ayuritami01",
          "value": "ayuritami01",
          "timestamp": 1708476307
        }
      ]
    },
    {
      "title": "",
      "media_list_data": [
        
      ],
      "string_list_data": [
        {
          "href": "https://www.instagram.com/_angga_pranata_",
          "value": "_angga_pranata_",
          "timestamp": 1702513013
        }
      ]
    },
    {
      "title": "",
      "media_list_data": [
        
      ],
      "string_list_data": [
        {
          "href": "https://www.instagram.com/adityawijaya__",
          "value": "adityawijaya__",
          "timestamp": 1690417014
        }
      ]
    },
    {
      "title": "",
      "media_list_data": [
        
      ],
      "string_list_data": [
        {
          "href": "https://www.instagram.com/xtinasui",
          "value": "xtinasui",
          "timestamp": 1690416914
        }
      ]
    },
    {
      "title": "",
      "media_list_data": [
        
      ],
      "string_list_data": [
        {
          "href": "https://www.instagram.com/_agus_wardana_",
          "value": "_agus_wardana_",
          "timestamp": 1659112498
        }
      ]
    },
    {
      "title": "",
      "media_list_data": [
        
      ],
      "string_list_data": [
        {
          "href": "https://www.instagram.com/donnydharma",
          "value": "donnydharma",
          "timestamp": 1659112496
        }
      ]
    },
    {
      "title": "",
      "media_list_data": [
        
      ],
      "string_list_data": [
        {
          "href": "https://www.instagram.com/_hermawan",
          "value": "_hermawan",
          "timestamp": 1659112495
        }
      ]
    },
    {
      "title": "",
      "media_list_data": [
        
      ],
      "string_list_data": [
        {
          "href": "https://www.instagram.com/agungyoga21",
          "value": "agungyoga21",
          "timestamp": 1659112495
        }
      ]
    },
    {
      "title": "",
      "media_list_data": [
        
      ],
      "string_list_data": [
        {
          "href": "https://www.instagram.com/radhityahadi",
          "value": "radhityahadi",
          "timestamp": 1659112494
        }
      ]
    },
    {
      "title": "",
      "media_list_data": [
        
      ],
      "string_list_data": [
        {
          "href": "https://www.instagram.com/dennyd.putra",
          "value": "dennyd.putra",
          "timestamp": 1659112492
        }
      ]
    },
    {
      "title": "",
      "media_list_data": [
        
      ],
      "string_list_data": [
        {
          "href": "https://www.instagram.com/soemberdana",
          "value": "soemberdana",
          "timestamp": 1659112492
        }
      ]
    },
    {
      "title": "",
      "media_list_data": [
        
      ],
      "string_list_data": [
        {
          "href": "https://www.instagram.com/ghealarasati",
          "value": "ghealarasati",
          "timestamp": 1659112490
        }
      ]
    },
    {
      "title": "",
      "media_list_data": [
        
      ],
      "string_list_data": [
        {
          "href": "https://www.instagram.com/shiylla06",
          "value": "shiylla06",
          "timestamp": 1659112489
        }
      ]
    },
    {
      "title": "",
      "media_list_data": [
        
      ],
      "string_list_data": [
        {
          "href": "https://www.instagram.com/tu.riskii",
          "value": "tu.riskii",
          "timestamp": 1659112487
        }
      ]
    },
    {
      "title": "",
      "media_list_data": [
        
      ],
      "string_list_data": [
        {
          "href": "https://www.instagram.com/ogikprayoga",
          "value": "ogikprayoga",
          "timestamp": 1659112487
        }
      ]
    },
    {
      "title": "",
      "media_list_data": [
        
      ],
      "string_list_data": [
        {
          "href": "https://www.instagram.com/dwix_cristina",
          "value": "dwix_cristina",
          "timestamp": 1659112477
        }
      ]
    },
    {
      "title": "",
      "media_list_data": [
        
      ],
      "string_list_data": [
        {
          "href": "https://www.instagram.com/ariokamega",
          "value": "ariokamega",
          "timestamp": 1659112474
        }
      ]
    },
    {
      "title": "",
      "media_list_data": [
        
      ],
      "string_list_data": [
        {
          "href": "https://www.instagram.com/kebaskaraan",
          "value": "kebaskaraan",
          "timestamp": 1659112464
        }
      ]
    },
    {
      "title": "",
      "media_list_data": [
        
      ],
      "string_list_data": [
        {
          "href": "https://www.instagram.com/putriagustini",
          "value": "putriagustini",
          "timestamp": 1659112443
        }
      ]
    },
    {
      "title": "",
      "media_list_data": [
        
      ],
      "string_list_data": [
        {
          "href": "https://www.instagram.com/adisuryawann",
          "value": "adisuryawann",
          "timestamp": 1659112437
        }
      ]
    }
  ]
}