{
  "relationships_hide_stories_from": [
    {
      "title": "",
      "media_list_data": [
        
      ],
      "string_list_data": [
        {
          "href": "https://www.instagram.com/sentanudewa",
          "value": "sentanudewa",
          "timestamp": 1720533523
        }
      ]
    },
    {
      "title": "",
      "media_list_data": [
        
      ],
      "string_list_data": [
        {
          "href": "https://www.instagram.com/donyinod",
          "value": "donyinod",
          "timestamp": 1720533523
        }
      ]
    },
    {
      "title": "",
      "media_list_data": [
        
      ],
      "string_list_data": [
        {
          "href": "https://www.instagram.com/ronny_hustler",
          "value": "ronny_hustler",
          "timestamp": 1720533523
        }
      ]
    },
    {
      "title": "",
      "media_list_data": [
        
      ],
      "string_list_data": [
        {
          "href": "https://www.instagram.com/juliandika7",
          "value": "juliandika7",
          "timestamp": 1691725623
        }
      ]
    }
  ]
}