{
  "relationships_unfollowed_users": [
    {
      "title": "",
      "media_list_data": [
        
      ],
      "string_list_data": [
        {
          "href": "https://www.instagram.com/luqmanrv",
          "value": "luqmanrv",
          "timestamp": 1729393304
        }
      ]
    },
    {
      "title": "",
      "media_list_data": [
        
      ],
      "string_list_data": [
        {
          "href": "https://www.instagram.com/hestara.app",
          "value": "hestara.app",
          "timestamp": 1727603249
        }
      ]
    },
    {
      "title": "",
      "media_list_data": [
        
      ],
      "string_list_data": [
        {
          "href": "https://www.instagram.com/agungwesa",
          "value": "agungwesa",
          "timestamp": 1727362054
        }
      ]
    },
    {
      "title": "",
      "media_list_data": [
        
      ],
      "string_list_data": [
        {
          "href": "https://www.instagram.com/themaplemedia",
          "value": "themaplemedia",
          "timestamp": 1726067814
        }
      ]
    },
    {
      "title": "",
      "media_list_data": [
        
      ],
      "string_list_data": [
        {
          "href": "https://www.instagram.com/ivanosilverjewelry",
          "value": "ivanosilverjewelry",
          "timestamp": 1725550593
        }
      ]
    },
    {
      "title": "",
      "media_list_data": [
        
      ],
      "string_list_data": [
        {
          "href": "https://www.instagram.com/krayacinema",
          "value": "krayacinema",
          "timestamp": 1725430508
        }
      ]
    },
    {
      "title": "",
      "media_list_data": [
        
      ],
      "string_list_data": [
        {
          "href": "https://www.instagram.com/laras175",
          "value": "laras175",
          "timestamp": 1725407314
        }
      ]
    },
    {
      "title": "",
      "media_list_data": [
        
      ],
      "string_list_data": [
        {
          "href": "https://www.instagram.com/mubyarisyi",
          "value": "mubyarisyi",
          "timestamp": 1725379571
        }
      ]
    },
    {
      "title": "",
      "media_list_data": [
        
      ],
      "string_list_data": [
        {
          "href": "https://www.instagram.com/kembart.studio",
          "value": "kembart.studio",
          "timestamp": 1725379558
        }
      ]
    },
    {
      "title": "",
      "media_list_data": [
        
      ],
      "string_list_data": [
        {
          "href": "https://www.instagram.com/resimawatii",
          "value": "resimawatii",
          "timestamp": 1725379478
        }
      ]
    },
    {
      "title": "",
      "media_list_data": [
        
      ],
      "string_list_data": [
        {
          "href": "https://www.instagram.com/ashendraaptr",
          "value": "ashendraaptr",
          "timestamp": 1725379424
        }
      ]
    },
    {
      "title": "",
      "media_list_data": [
        
      ],
      "string_list_data": [
        {
          "href": "https://www.instagram.com/gung_yani",
          "value": "gung_yani",
          "timestamp": 1725379415
        }
      ]
    },
    {
      "title": "",
      "media_list_data": [
        
      ],
      "string_list_data": [
        {
          "href": "https://www.instagram.com/yareyare.inc",
          "value": "yareyare.inc",
          "timestamp": 1725379375
        }
      ]
    },
    {
      "title": "",
      "media_list_data": [
        
      ],
      "string_list_data": [
        {
          "href": "https://www.instagram.com/bolang_bali",
          "value": "bolang_bali",
          "timestamp": 1725379319
        }
      ]
    },
    {
      "title": "",
      "media_list_data": [
        
      ],
      "string_list_data": [
        {
          "href": "https://www.instagram.com/arkanaka15",
          "value": "arkanaka15",
          "timestamp": 1725378953
        }
      ]
    },
    {
      "title": "",
      "media_list_data": [
        
      ],
      "string_list_data": [
        {
          "href": "https://www.instagram.com/amiliya_nada",
          "value": "amiliya_nada",
          "timestamp": 1725378651
        }
      ]
    },
    {
      "title": "",
      "media_list_data": [
        
      ],
      "string_list_data": [
        {
          "href": "https://www.instagram.com/mdariwijaya",
          "value": "mdariwijaya",
          "timestamp": 1725378516
        }
      ]
    }
  ]
}