{
  "relationships_follow_requests_sent": [
    {
      "title": "",
      "media_list_data": [
        
      ],
      "string_list_data": [
        {
          "href": "https://www.instagram.com/hintanurpermatasari",
          "value": "hintanurpermatasari",
          "timestamp": 1736855034
        }
      ]
    },
    {
      "title": "",
      "media_list_data": [
        
      ],
      "string_list_data": [
        {
          "href": "https://www.instagram.com/onlyvenice15",
          "value": "onlyvenice15",
          "timestamp": 1706810344
        }
      ]
    }
  ]
}