{
  "relationships_permanent_follow_requests": [
    {
      "title": "",
      "media_list_data": [
        
      ],
      "string_list_data": [
        {
          "href": "https://www.instagram.com/hintanurpermatasari",
          "value": "hintanurpermatasari",
          "timestamp": 1736855034
        }
      ]
    },
    {
      "title": "",
      "media_list_data": [
        
      ],
      "string_list_data": [
        {
          "href": "https://www.instagram.com/tbone8481",
          "value": "tbone8481",
          "timestamp": 1736653975
        }
      ]
    }
  ]
}