{
  "relationships_unfollowed_users": [
    {
      "title": "",
      "media_list_data": [
        
      ],
      "string_list_data": [
        {
          "href": "https://www.instagram.com/jamirishd",
          "value": "jamirishd",
          "timestamp": 1738362981
        }
      ]
    },
    {
      "title": "",
      "media_list_data": [
        
      ],
      "string_list_data": [
        {
          "href": "https://www.instagram.com/aleantipony",
          "value": "aleantipony",
          "timestamp": 1737882254
        }
      ]
    },
    {
      "title": "",
      "media_list_data": [
        
      ],
      "string_list_data": [
        {
          "href": "https://www.instagram.com/coramaay",
          "value": "coramaay",
          "timestamp": 1737554213
        }
      ]
    },
    {
      "title": "",
      "media_list_data": [
        
      ],
      "string_list_data": [
        {
          "href": "https://www.instagram.com/gray.d.fullbuster",
          "value": "gray.d.fullbuster",
          "timestamp": 1736653985
        }
      ]
    },
    {
      "title": "",
      "media_list_data": [
        
      ],
      "string_list_data": [
        {
          "href": "https://www.instagram.com/therealdisastr",
          "value": "therealdisastr",
          "timestamp": 1736141336
        }
      ]
    },
    {
      "title": "",
      "media_list_data": [
        
      ],
      "string_list_data": [
        {
          "href": "https://www.instagram.com/raisa6690",
          "value": "raisa6690",
          "timestamp": 1736141314
        }
      ]
    },
    {
      "title": "",
      "media_list_data": [
        
      ],
      "string_list_data": [
        {
          "href": "https://www.instagram.com/piyu_logy",
          "value": "piyu_logy",
          "timestamp": 1734880548
        }
      ]
    }
  ]
}