{
  "relationships_dismissed_suggested_users": [
    {
      "title": "",
      "media_list_data": [
        
      ],
      "string_list_data": [
        {
          "href": "https://www.instagram.com/sherlynaaristya",
          "value": "sherlynaaristya",
          "timestamp": 1725021747
        }
      ]
    },
    {
      "title": "",
      "media_list_data": [
        
      ],
      "string_list_data": [
        {
          "href": "https://www.instagram.com/ratnasari.93",
          "value": "ratnasari.93",
          "timestamp": 1725021745
        }
      ]
    },
    {
      "title": "",
      "media_list_data": [
        
      ],
      "string_list_data": [
        {
          "href": "https://www.instagram.com/russwest44",
          "value": "russwest44",
          "timestamp": 1582439759
        }
      ]
    },
    {
      "title": "",
      "media_list_data": [
        
      ],
      "string_list_data": [
        {
          "href": "https://www.instagram.com/jvck.j",
          "value": "jvck.j",
          "timestamp": 1582439759
        }
      ]
    },
    {
      "title": "",
      "media_list_data": [
        
      ],
      "string_list_data": [
        {
          "href": "https://www.instagram.com/cleo",
          "value": "cleo",
          "timestamp": 1582439759
        }
      ]
    },
    {
      "title": "",
      "media_list_data": [
        
      ],
      "string_list_data": [
        {
          "href": "https://www.instagram.com/ramadansobhi51",
          "value": "ramadansobhi51",
          "timestamp": 1582439758
        }
      ]
    },
    {
      "title": "",
      "media_list_data": [
        
      ],
      "string_list_data": [
        {
          "href": "https://www.instagram.com/gal_gadot",
          "value": "gal_gadot",
          "timestamp": 1582439758
        }
      ]
    },
    {
      "title": "",
      "media_list_data": [
        
      ],
      "string_list_data": [
        {
          "href": "https://www.instagram.com/jenatkinhair",
          "value": "jenatkinhair",
          "timestamp": 1582439758
        }
      ]
    },
    {
      "title": "",
      "media_list_data": [
        
      ],
      "string_list_data": [
        {
          "href": "https://www.instagram.com/kingbach",
          "value": "kingbach",
          "timestamp": 1582439758
        }
      ]
    },
    {
      "title": "",
      "media_list_data": [
        
      ],
      "string_list_data": [
        {
          "href": "https://www.instagram.com/camilaqueiroz",
          "value": "camilaqueiroz",
          "timestamp": 1582439758
        }
      ]
    },
    {
      "title": "",
      "media_list_data": [
        
      ],
      "string_list_data": [
        {
          "href": "https://www.instagram.com/memphisdepay",
          "value": "memphisdepay",
          "timestamp": 1582439758
        }
      ]
    },
    {
      "title": "",
      "media_list_data": [
        
      ],
      "string_list_data": [
        {
          "href": "https://www.instagram.com/spurs",
          "value": "spurs",
          "timestamp": 1582439758
        }
      ]
    },
    {
      "title": "",
      "media_list_data": [
        
      ],
      "string_list_data": [
        {
          "href": "https://www.instagram.com/actorleeminho",
          "value": "actorleeminho",
          "timestamp": 1582439757
        }
      ]
    },
    {
      "title": "",
      "media_list_data": [
        
      ],
      "string_list_data": [
        {
          "href": "https://www.instagram.com/piamia",
          "value": "piamia",
          "timestamp": 1582439757
        }
      ]
    },
    {
      "title": "",
      "media_list_data": [
        
      ],
      "string_list_data": [
        {
          "href": "https://www.instagram.com/jlo",
          "value": "jlo",
          "timestamp": 1582439757
        }
      ]
    },
    {
      "title": "",
      "media_list_data": [
        
      ],
      "string_list_data": [
        {
          "href": "https://www.instagram.com/yuvisofficial",
          "value": "yuvisofficial",
          "timestamp": 1582439757
        }
      ]
    },
    {
      "title": "",
      "media_list_data": [
        
      ],
      "string_list_data": [
        {
          "href": "https://www.instagram.com/pabloalboran",
          "value": "pabloalboran",
          "timestamp": 1582439757
        }
      ]
    },
    {
      "title": "",
      "media_list_data": [
        
      ],
      "string_list_data": [
        {
          "href": "https://www.instagram.com/instagram",
          "value": "instagram",
          "timestamp": 1582439756
        }
      ]
    },
    {
      "title": "",
      "media_list_data": [
        
      ],
      "string_list_data": [
        {
          "href": "https://www.instagram.com/nikadekyulilestari",
          "value": "nikadekyulilestari",
          "timestamp": 1519097129
        }
      ]
    },
    {
      "title": "",
      "media_list_data": [
        
      ],
      "string_list_data": [
        {
          "href": "https://www.instagram.com/aoryuuki",
          "value": "aoryuuki",
          "timestamp": 1519097124
        }
      ]
    },
    {
      "title": "",
      "media_list_data": [
        
      ],
      "string_list_data": [
        {
          "href": "https://www.instagram.com/posind_denpasar",
          "value": "posind_denpasar",
          "timestamp": 1519097122
        }
      ]
    },
    {
      "title": "",
      "media_list_data": [
        
      ],
      "string_list_data": [
        {
          "href": "https://www.instagram.com/bmcberkaraoke",
          "value": "bmcberkaraoke",
          "timestamp": 1519097113
        }
      ]
    }
  ]
}