{
  "relationships_follow_requests_sent": [
    {
      "title": "",
      "media_list_data": [
        
      ],
      "string_list_data": [
        {
          "href": "https://www.instagram.com/yogisugiyatna",
          "value": "yogisugiyatna",
          "timestamp": 1725870746
        }
      ]
    },
    {
      "title": "",
      "media_list_data": [
        
      ],
      "string_list_data": [
        {
          "href": "https://www.instagram.com/b.katon",
          "value": "b.katon",
          "timestamp": 1725513324
        }
      ]
    },
    {
      "title": "",
      "media_list_data": [
        
      ],
      "string_list_data": [
        {
          "href": "https://www.instagram.com/onlyvenice15",
          "value": "onlyvenice15",
          "timestamp": 1706810344
        }
      ]
    }
  ]
}