{
  "relationships_permanent_follow_requests": [
    {
      "title": "",
      "media_list_data": [
        
      ],
      "string_list_data": [
        {
          "href": "https://www.instagram.com/gray.d.fullbuster",
          "value": "gray.d.fullbuster",
          "timestamp": 1727440889
        }
      ]
    },
    {
      "title": "",
      "media_list_data": [
        
      ],
      "string_list_data": [
        {
          "href": "https://www.instagram.com/agungwesa",
          "value": "agungwesa",
          "timestamp": 1727361939
        }
      ]
    },
    {
      "title": "",
      "media_list_data": [
        
      ],
      "string_list_data": [
        {
          "href": "https://www.instagram.com/yogisugiyatna",
          "value": "yogisugiyatna",
          "timestamp": 1725870746
        }
      ]
    },
    {
      "title": "",
      "media_list_data": [
        
      ],
      "string_list_data": [
        {
          "href": "https://www.instagram.com/b.katon",
          "value": "b.katon",
          "timestamp": 1725513324
        }
      ]
    },
    {
      "title": "",
      "media_list_data": [
        
      ],
      "string_list_data": [
        {
          "href": "https://www.instagram.com/dharmags",
          "value": "dharmags",
          "timestamp": 1724912342
        }
      ]
    },
    {
      "title": "",
      "media_list_data": [
        
      ],
      "string_list_data": [
        {
          "href": "https://www.instagram.com/gregorius.d.muda",
          "value": "gregorius.d.muda",
          "timestamp": 1721786323
        }
      ]
    }
  ]
}